{
  "ADVANCE_TIMING": {
    "calls": 169022,
    "avg_s": 0.011379,
    "sum_s": 1923.32,
    "avg_los_s": 0.007763,
    "avg_adj_s": 0.00324
  },
  "SHOOT_ACTIVATION_START": {
    "calls": 248906,
    "avg_s": 0.000464,
    "sum_s": 115.58,
    "avg_los_s": 1.4e-05
  },
  "CHARGE_REVERSE_GOAL_BFS": {
    "calls": 83705,
    "avg_s": 0.01944,
    "sum_s": 1627.21,
    "avg_goal_s": 0.014079,
    "avg_bfs_s": 0.005345
  },
  "CHARGE_DEST_BFS": {
    "calls": 39911,
    "avg_s": 0.018657,
    "sum_s": 744.61,
    "avg_bfs_s": 0.017591,
    "avg_eng_s": 0.003391
  },
  "MOVE_POOL_BUILD": {
    "calls": 459255,
    "avg_s": 0.004224,
    "sum_s": 1939.93,
    "avg_bfs_s": 0.004015
  },
  "CASCADE_LOOP_TOTAL": {
    "calls": 1413436,
    "avg_s": 0.001899,
    "sum_s": 2684.8
  },
  "CHARGE_PHASE_START": {
    "calls": 65866,
    "avg_s": 0.028466,
    "sum_s": 1874.97,
    "avg_pool_s": 0.025276
  },
  "__total_s": 10910.4,
  "__episodes": [
    1,
    2,
    3,
    4,
    5,
    6,
    7,
    8,
    9,
    10,
    11,
    12,
    13,
    14,
    15,
    16,
    17,
    18,
    19,
    20,
    21,
    22,
    23,
    24,
    25,
    26,
    27,
    28,
    29,
    30,
    31,
    32,
    33,
    34,
    35,
    36,
    37,
    38,
    39,
    40,
    41,
    42,
    43,
    44,
    45,
    46,
    47,
    48,
    49,
    50
  ]
}