{
  "ADVANCE_TIMING": {
    "calls": 104558,
    "avg_s": 0.007813,
    "sum_s": 816.96,
    "avg_los_s": 0.005324,
    "avg_adj_s": 0.002135
  },
  "MOVE_COMMIT_TIMING": {
    "calls": 132548,
    "avg_s": 0.005598,
    "sum_s": 742.04,
    "avg_los_s": 0.003497,
    "avg_adj_s": 0.00201
  },
  "SHOOT_ACTIVATION_START": {
    "calls": 133122,
    "avg_s": 0.000325,
    "sum_s": 43.25,
    "avg_los_s": 5e-06
  },
  "CHARGE_REVERSE_GOAL_BFS": {
    "calls": 18554,
    "avg_s": 0.066755,
    "sum_s": 1238.58,
    "avg_goal_s": 0.041696,
    "avg_bfs_s": 0.024978
  },
  "CHARGE_DEST_BFS": {
    "calls": 8543,
    "avg_s": 0.076493,
    "sum_s": 653.48,
    "avg_bfs_s": 0.075573,
    "avg_eng_s": 0.007797
  },
  "MOVE_POOL_BUILD": {
    "calls": 241338,
    "avg_s": 0.023671,
    "sum_s": 5712.66,
    "avg_bfs_s": 0.023221
  },
  "CASCADE_LOOP_TOTAL": {
    "calls": 689126,
    "avg_s": 0.002794,
    "sum_s": 1925.17
  },
  "CHARGE_PHASE_START": {
    "calls": 49852,
    "avg_s": 0.0278,
    "sum_s": 1385.88,
    "avg_pool_s": 0.025281
  },
  "__total_s": 12518.02,
  "__total_calls": 1377641,
  "__score_ms": 9.0866,
  "__n_episodes": 13,
  "__episodes": [
    2,
    3,
    4,
    5,
    6,
    7,
    8,
    9,
    10,
    11,
    12,
    13,
    14
  ]
}