{
  "ADVANCE_TIMING": {
    "calls": 21627,
    "avg_s": 0.00436,
    "sum_s": 94.3,
    "avg_los_s": 0.003012,
    "avg_adj_s": 0.001135
  },
  "MOVE_COMMIT_TIMING": {
    "calls": 27298,
    "avg_s": 0.003233,
    "sum_s": 88.26,
    "avg_los_s": 0.002029,
    "avg_adj_s": 0.001142
  },
  "SHOOT_ACTIVATION_START": {
    "calls": 27602,
    "avg_s": 0.000226,
    "sum_s": 6.23,
    "avg_los_s": 4e-06
  },
  "CHARGE_REVERSE_GOAL_BFS": {
    "calls": 3940,
    "avg_s": 0.02519,
    "sum_s": 99.25,
    "avg_goal_s": 0.006181,
    "avg_bfs_s": 0.018935
  },
  "CHARGE_DEST_BFS": {
    "calls": 1792,
    "avg_s": 0.042288,
    "sum_s": 75.78,
    "avg_bfs_s": 0.041669,
    "avg_eng_s": 0.004719
  },
  "MOVE_POOL_BUILD": {
    "calls": 49832,
    "avg_s": 0.009486,
    "sum_s": 472.68,
    "avg_bfs_s": 0.009218
  },
  "CASCADE_LOOP_TOTAL": {
    "calls": 142444,
    "avg_s": 0.001204,
    "sum_s": 171.51
  },
  "CHARGE_PHASE_START": {
    "calls": 10419,
    "avg_s": 0.010614,
    "sum_s": 110.59,
    "avg_pool_s": 0.009876
  },
  "__total_s": 1118.6,
  "__total_calls": 284954,
  "__score_ms": 3.9255,
  "__n_episodes": 14,
  "__episodes": [
    2,
    3,
    4,
    5,
    6,
    7,
    8,
    9,
    10,
    11,
    12,
    13,
    14,
    15
  ]
}