{
  "ADVANCE_TIMING": {
    "calls": 40114,
    "avg_s": 0.006856,
    "sum_s": 275.04,
    "avg_los_s": 0.004645,
    "avg_adj_s": 0.001885
  },
  "MOVE_COMMIT_TIMING": {
    "calls": 50486,
    "avg_s": 0.0049,
    "sum_s": 247.39,
    "avg_los_s": 0.003056,
    "avg_adj_s": 0.001769
  },
  "SHOOT_ACTIVATION_START": {
    "calls": 50939,
    "avg_s": 0.000307,
    "sum_s": 15.64,
    "avg_los_s": 5e-06
  },
  "CHARGE_REVERSE_GOAL_BFS": {
    "calls": 7144,
    "avg_s": 0.038945,
    "sum_s": 278.22,
    "avg_goal_s": 0.010244,
    "avg_bfs_s": 0.028561
  },
  "CHARGE_DEST_BFS": {
    "calls": 3256,
    "avg_s": 0.066045,
    "sum_s": 215.04,
    "avg_bfs_s": 0.06518,
    "avg_eng_s": 0.006744
  },
  "MOVE_POOL_BUILD": {
    "calls": 92307,
    "avg_s": 0.015776,
    "sum_s": 1456.21,
    "avg_bfs_s": 0.015323
  },
  "CASCADE_LOOP_TOTAL": {
    "calls": 261581,
    "avg_s": 0.001876,
    "sum_s": 490.83
  },
  "CHARGE_PHASE_START": {
    "calls": 19204,
    "avg_s": 0.016131,
    "sum_s": 309.78,
    "avg_pool_s": 0.014947
  },
  "__total_s": 3288.17,
  "__total_calls": 525031,
  "__score_ms": 6.2628,
  "__n_episodes": 14,
  "__episodes": [
    2,
    3,
    4,
    5,
    6,
    7,
    8,
    9,
    10,
    11,
    12,
    13,
    14,
    15
  ]
}