{
  "ADVANCE_TIMING": {
    "calls": 46952,
    "avg_s": 0.009654,
    "sum_s": 453.28,
    "avg_los_s": 0.006584,
    "avg_adj_s": 0.002643
  },
  "MOVE_COMMIT_TIMING": {
    "calls": 59836,
    "avg_s": 0.006801,
    "sum_s": 406.93,
    "avg_los_s": 0.004246,
    "avg_adj_s": 0.002454
  },
  "SHOOT_ACTIVATION_START": {
    "calls": 59774,
    "avg_s": 0.000372,
    "sum_s": 22.23,
    "avg_los_s": 6e-06
  },
  "CHARGE_REVERSE_GOAL_BFS": {
    "calls": 8345,
    "avg_s": 0.103614,
    "sum_s": 864.66,
    "avg_goal_s": 0.081039,
    "avg_bfs_s": 0.022532
  },
  "CHARGE_DEST_BFS": {
    "calls": 3814,
    "avg_s": 0.095275,
    "sum_s": 363.38,
    "avg_bfs_s": 0.094182,
    "avg_eng_s": 0.009338
  },
  "MOVE_POOL_BUILD": {
    "calls": 108539,
    "avg_s": 0.033117,
    "sum_s": 3594.53,
    "avg_bfs_s": 0.032562
  },
  "CASCADE_LOOP_TOTAL": {
    "calls": 310731,
    "avg_s": 0.004076,
    "sum_s": 1266.63
  },
  "CHARGE_PHASE_START": {
    "calls": 22272,
    "avg_s": 0.043524,
    "sum_s": 969.37,
    "avg_pool_s": 0.039279
  },
  "__total_s": 7941.02,
  "__total_calls": 620263,
  "__score_ms": 12.8027,
  "__n_episodes": 4,
  "__episodes": [
    2,
    3,
    4,
    5
  ]
}