{
  "ADVANCE_TIMING": {
    "calls": 28069,
    "avg_s": 0.000631,
    "sum_s": 17.72,
    "avg_los_s": 0.000451,
    "avg_adj_s": 9.6e-05
  },
  "MOVE_COMMIT_TIMING": {
    "calls": 36048,
    "avg_s": 0.000582,
    "sum_s": 20.96,
    "avg_los_s": 0.000387,
    "avg_adj_s": 0.000161
  },
  "SHOOT_ACTIVATION_START": {
    "calls": 36123,
    "avg_s": 0.00011,
    "sum_s": 3.97,
    "avg_los_s": 4e-06
  },
  "CHARGE_REVERSE_GOAL_BFS": {
    "calls": 8548,
    "avg_s": 0.002379,
    "sum_s": 20.34,
    "avg_goal_s": 0.000507,
    "avg_bfs_s": 0.001866
  },
  "CHARGE_DEST_BFS": {
    "calls": 3870,
    "avg_s": 0.003977,
    "sum_s": 15.39,
    "avg_bfs_s": 0.003825,
    "avg_eng_s": 0.000661
  },
  "MOVE_POOL_BUILD": {
    "calls": 65630,
    "avg_s": 0.000799,
    "sum_s": 52.45,
    "avg_bfs_s": 0.00075
  },
  "CASCADE_LOOP_TOTAL": {
    "calls": 195081,
    "avg_s": 0.000196,
    "sum_s": 38.24
  },
  "CHARGE_PHASE_START": {
    "calls": 14083,
    "avg_s": 0.001697,
    "sum_s": 23.89,
    "avg_pool_s": 0.001575
  },
  "__total_s": 192.97,
  "__total_calls": 387452,
  "__score_ms": 0.498,
  "__n_episodes": 11,
  "__episodes": [
    2,
    3,
    4,
    5,
    6,
    7,
    8,
    9,
    10,
    11,
    12
  ]
}