{
  "ADVANCE_TIMING": {
    "calls": 114450,
    "avg_s": 0.007272,
    "sum_s": 832.32,
    "avg_los_s": 0.004965,
    "avg_adj_s": 0.001972
  },
  "MOVE_COMMIT_TIMING": {
    "calls": 144877,
    "avg_s": 0.005257,
    "sum_s": 761.64,
    "avg_los_s": 0.003294,
    "avg_adj_s": 0.001872
  },
  "SHOOT_ACTIVATION_START": {
    "calls": 145647,
    "avg_s": 0.000309,
    "sum_s": 45.0,
    "avg_los_s": 5e-06
  },
  "CHARGE_REVERSE_GOAL_BFS": {
    "calls": 20358,
    "avg_s": 0.061769,
    "sum_s": 1257.5,
    "avg_goal_s": 0.038192,
    "avg_bfs_s": 0.023501
  },
  "CHARGE_DEST_BFS": {
    "calls": 9366,
    "avg_s": 0.071296,
    "sum_s": 667.75,
    "avg_bfs_s": 0.070427,
    "avg_eng_s": 0.007319
  },
  "MOVE_POOL_BUILD": {
    "calls": 263982,
    "avg_s": 0.021827,
    "sum_s": 5761.82,
    "avg_bfs_s": 0.021406
  },
  "CASCADE_LOOP_TOTAL": {
    "calls": 753234,
    "avg_s": 0.002598,
    "sum_s": 1957.12
  },
  "CHARGE_PHASE_START": {
    "calls": 54550,
    "avg_s": 0.025802,
    "sum_s": 1407.47,
    "avg_pool_s": 0.023472
  },
  "__total_s": 12690.63,
  "__total_calls": 1506464,
  "__score_ms": 8.4241,
  "__n_episodes": 13,
  "__episodes": [
    2,
    3,
    4,
    5,
    6,
    7,
    8,
    9,
    10,
    11,
    12,
    13,
    14
  ]
}