{
  "CHARGE_DEST_BFS": {
    "calls": 1558,
    "avg_s": 0.019179,
    "sum_s": 29.88,
    "avg_bfs_s": 0.007054,
    "avg_eng_s": 0.001695
  },
  "CHARGE_PHASE_START": {
    "calls": 14977,
    "avg_s": 0.005306,
    "sum_s": 79.46,
    "avg_pool_s": 0.003185
  },
  "__total_s": 109.34,
  "__total_calls": 16535,
  "__score_ms": 6.6128,
  "__n_episodes": 126,
  "__episodes": [
    1,
    2,
    3,
    4,
    5,
    6,
    7,
    8,
    9,
    10,
    11,
    12,
    13,
    14,
    15,
    16,
    17,
    18,
    19,
    20,
    21,
    22,
    23,
    24,
    25,
    26,
    27,
    28,
    29,
    30,
    31,
    32,
    33,
    34,
    35,
    36,
    37,
    38,
    39,
    40,
    41,
    42,
    43,
    44,
    45,
    46,
    47,
    48,
    49,
    50,
    51,
    52,
    53,
    54,
    55,
    56,
    57,
    58,
    59,
    60,
    61,
    62,
    63,
    64,
    65,
    66,
    67,
    68,
    69,
    70,
    71,
    72,
    73,
    74,
    75,
    76,
    77,
    78,
    79,
    80,
    81,
    82,
    83,
    84,
    85,
    86,
    87,
    88,
    89,
    90,
    91,
    92,
    93,
    94,
    95,
    96,
    97,
    98,
    99,
    100,
    101,
    102,
    103,
    104,
    105,
    106,
    107,
    108,
    109,
    110,
    111,
    112,
    113,
    114,
    115,
    116,
    117,
    118,
    119,
    120,
    121,
    122,
    123,
    124,
    125,
    126
  ]
}