{
  "ADVANCE_TIMING": {
    "calls": 133744,
    "avg_s": 0.007053,
    "sum_s": 943.3,
    "avg_los_s": 0.004566,
    "avg_adj_s": 0.001861
  },
  "MOVE_COMMIT_TIMING": {
    "calls": 169210,
    "avg_s": 0.004946,
    "sum_s": 836.98,
    "avg_los_s": 0.003024,
    "avg_adj_s": 0.001778
  },
  "SHOOT_ACTIVATION_START": {
    "calls": 170251,
    "avg_s": 0.000297,
    "sum_s": 50.65,
    "avg_los_s": 6e-06
  },
  "CHARGE_REVERSE_GOAL_BFS": {
    "calls": 24202,
    "avg_s": 0.056408,
    "sum_s": 1365.19,
    "avg_goal_s": 0.033903,
    "avg_bfs_s": 0.022426
  },
  "CHARGE_DEST_BFS": {
    "calls": 11183,
    "avg_s": 0.065045,
    "sum_s": 727.39,
    "avg_bfs_s": 0.064137,
    "avg_eng_s": 0.007257
  },
  "MOVE_POOL_BUILD": {
    "calls": 308380,
    "avg_s": 0.020541,
    "sum_s": 6334.47,
    "avg_bfs_s": 0.020165
  },
  "CASCADE_LOOP_TOTAL": {
    "calls": 883629,
    "avg_s": 0.002414,
    "sum_s": 2133.13
  },
  "CHARGE_PHASE_START": {
    "calls": 63911,
    "avg_s": 0.023915,
    "sum_s": 1528.41,
    "avg_pool_s": 0.021803
  },
  "__total_s": 13919.52,
  "__total_calls": 1764510,
  "__score_ms": 7.8886,
  "__n_episodes": 13,
  "__episodes": [
    2,
    3,
    4,
    5,
    6,
    7,
    8,
    9,
    10,
    11,
    12,
    13,
    14
  ]
}