{
  "by_tanking": {
    "Elite": {
      "counts": {
        "mobility": {
          "High": 2,
          "Low": 14,
          "Mid": 19
        },
        "weapon_profile": {
          "AntiElite": 17,
          "Burst": 4,
          "Generalist": 10,
          "Volume": 4
        }
      },
      "weights": {
        "mobility_weights": {
          "High": 0.5874034909447973,
          "Low": 0.2220176508987307,
          "Mid": 0.19057885815647205
        },
        "weapon_profile_weights": {
          "AntiElite": 0.1555948942786403,
          "Burst": 0.32076709195882347,
          "Generalist": 0.20287092180371274,
          "Volume": 0.32076709195882347
        }
      }
    },
    "Swarm": {
      "counts": {
        "mobility": {
          "High": 4,
          "Low": 8,
          "Mid": 15
        },
        "weapon_profile": {
          "AntiElite": 3,
          "Burst": 2,
          "Generalist": 16,
          "Volume": 6
        }
      },
      "weights": {
        "mobility_weights": {
          "High": 0.4497404762209191,
          "Low": 0.3180145405098791,
          "Mid": 0.23224498326920165
        },
        "weapon_profile_weights": {
          "AntiElite": 0.2971888000987203,
          "Burst": 0.36398045875592777,
          "Generalist": 0.12868652530285352,
          "Volume": 0.21014421584249843
        }
      }
    },
    "Troop": {
      "counts": {
        "mobility": {
          "High": 4,
          "Low": 7,
          "Mid": 27
        },
        "weapon_profile": {
          "AntiElite": 18,
          "Burst": 1,
          "Generalist": 13,
          "Volume": 6
        }
      },
      "weights": {
        "mobility_weights": {
          "High": 0.46710874216858683,
          "Low": 0.35310101914350583,
          "Mid": 0.17979023868790742
        },
        "weapon_profile_weights": {
          "AntiElite": 0.12267848892968945,
          "Burst": 0.5204807485674132,
          "Generalist": 0.14435538668089914,
          "Volume": 0.2124853758219982
        }
      }
    }
  },
  "cells": [
    {
      "blend_group": "Balance",
      "count": 4,
      "mobility_bucket": "Mid",
      "tanking": "Elite",
      "units": [
        "chaos::Obliterator",
        "spaceMarine::DeathwingTerminatorPlasmaCannon",
        "spaceMarine::TerminatorAssaultCannon",
        "spaceMarine::TerminatorCyclone"
      ],
      "weapon_profile": "AntiElite"
    },
    {
      "blend_group": "Melee",
      "count": 1,
      "mobility_bucket": "High",
      "tanking": "Elite",
      "units": [
        "tyranid::Carnifex"
      ],
      "weapon_profile": "AntiElite"
    },
    {
      "blend_group": "Melee",
      "count": 6,
      "mobility_bucket": "Low",
      "tanking": "Elite",
      "units": [
        "spaceMarine::AggressorBoltStorm",
        "spaceMarine::AggressorFlamestorm",
        "spaceMarine::AssaultTerminator",
        "spaceMarine::Captain Gravis",
        "spaceMarine::TerminatorHeavyFlamer",
        "tyranid::TyrantGuardCrushingClaws"
      ],
      "weapon_profile": "AntiElite"
    },
    {
      "blend_group": "Melee",
      "count": 2,
      "mobility_bucket": "Low",
      "tanking": "Elite",
      "units": [
        "tyranid::GenestealerPrime",
        "tyranid::TyrantGuardBoneCleaver"
      ],
      "weapon_profile": "Generalist"
    },
    {
      "blend_group": "Melee",
      "count": 2,
      "mobility_bucket": "Low",
      "tanking": "Elite",
      "units": [
        "adeptusCustodes::CustodianGuardBlade",
        "tyranid::TyrantGuardScytingTalon"
      ],
      "weapon_profile": "Volume"
    },
    {
      "blend_group": "Melee",
      "count": 2,
      "mobility_bucket": "Mid",
      "tanking": "Elite",
      "units": [
        "spaceMarine::CaptainTerminator",
        "spaceMarine::Terminator"
      ],
      "weapon_profile": "AntiElite"
    },
    {
      "blend_group": "Melee",
      "count": 2,
      "mobility_bucket": "Mid",
      "tanking": "Elite",
      "units": [
        "adeptusCustodes::CustodianAllarusAxe",
        "adeptusCustodes::CustodianAllarusSpear"
      ],
      "weapon_profile": "Burst"
    },
    {
      "blend_group": "Melee",
      "count": 4,
      "mobility_bucket": "Mid",
      "tanking": "Elite",
      "units": [
        "adeptusCustodes::CustodianGuardSpear",
        "adeptusCustodes::CustodianWardenAxe",
        "adeptusCustodes::CustodianWardenSpear",
        "spaceMarine::WolfGuardTerminator"
      ],
      "weapon_profile": "Generalist"
    },
    {
      "blend_group": "Ranged",
      "count": 1,
      "mobility_bucket": "High",
      "tanking": "Elite",
      "units": [
        "tyranid::Biovore"
      ],
      "weapon_profile": "Burst"
    },
    {
      "blend_group": "Ranged",
      "count": 2,
      "mobility_bucket": "Low",
      "tanking": "Elite",
      "units": [
        "spaceMarine::EradicatorMeltaRifle",
        "spaceMarine::EradicatorMultiMelta"
      ],
      "weapon_profile": "AntiElite"
    },
    {
      "blend_group": "Ranged",
      "count": 1,
      "mobility_bucket": "Low",
      "tanking": "Elite",
      "units": [
        "aeldari::WraithguardDScythe"
      ],
      "weapon_profile": "Burst"
    },
    {
      "blend_group": "Ranged",
      "count": 1,
      "mobility_bucket": "Low",
      "tanking": "Elite",
      "units": [
        "tyranid::Pyrovore"
      ],
      "weapon_profile": "Volume"
    },
    {
      "blend_group": "Ranged",
      "count": 2,
      "mobility_bucket": "Mid",
      "tanking": "Elite",
      "units": [
        "aeldari::WraithguardWraithcannon",
        "spaceMarine::InceptorPlasma"
      ],
      "weapon_profile": "AntiElite"
    },
    {
      "blend_group": "Ranged",
      "count": 4,
      "mobility_bucket": "Mid",
      "tanking": "Elite",
      "units": [
        "spaceMarine::HeavyIntercessor",
        "spaceMarine::HeavyIntercessorHeavyBolter",
        "spaceMarine::InceptorBolter",
        "tyranid::HiveGuardShockcannon"
      ],
      "weapon_profile": "Generalist"
    },
    {
      "blend_group": "Ranged",
      "count": 1,
      "mobility_bucket": "Mid",
      "tanking": "Elite",
      "units": [
        "tyranid::HiveGuardImpalerCannon"
      ],
      "weapon_profile": "Volume"
    },
    {
      "blend_group": "Balance",
      "count": 1,
      "mobility_bucket": "High",
      "tanking": "Swarm",
      "units": [
        "tyranid::Gargoyle"
      ],
      "weapon_profile": "Generalist"
    },
    {
      "blend_group": "Balance",
      "count": 2,
      "mobility_bucket": "Low",
      "tanking": "Swarm",
      "units": [
        "chaos::CultistMob",
        "chaos::RenegadeGuard"
      ],
      "weapon_profile": "Generalist"
    },
    {
      "blend_group": "Balance",
      "count": 1,
      "mobility_bucket": "Low",
      "tanking": "Swarm",
      "units": [
        "tyranid::RipperSwarm"
      ],
      "weapon_profile": "Volume"
    },
    {
      "blend_group": "Balance",
      "count": 4,
      "mobility_bucket": "Mid",
      "tanking": "Swarm",
      "units": [
        "adeptusCustodes::Prosecutor",
        "aeldari::StormGuardian",
        "tyranid::Termagant",
        "tyranid::TermagantTuto"
      ],
      "weapon_profile": "Generalist"
    },
    {
      "blend_group": "Melee",
      "count": 1,
      "mobility_bucket": "Low",
      "tanking": "Swarm",
      "units": [
        "aeldari::SerpentScalePlatform"
      ],
      "weapon_profile": "Generalist"
    },
    {
      "blend_group": "Melee",
      "count": 1,
      "mobility_bucket": "Low",
      "tanking": "Swarm",
      "units": [
        "tyranid::Genestealer"
      ],
      "weapon_profile": "Volume"
    },
    {
      "blend_group": "Melee",
      "count": 5,
      "mobility_bucket": "Mid",
      "tanking": "Swarm",
      "units": [
        "aeldari::DireAvengerExarch",
        "aeldari::HowlingBanshee",
        "aeldari::HowlingBansheeExarch",
        "spaceMarine::FenrisianWolf",
        "tyranid::Hormagaunt"
      ],